chrom	pos	ref	alt	rsids	nearest_genes	pval	num_cases	num_controls	num_samples	num_peaks	category	phenocode	gc_lambda_hundred	phenostring
9	136120091	G	A	rs9411471	ABO	0.0			118886	40	Liver-related	ALP	1.2103	Alkaline phosphatase
22	25004206	T	G	rs2001180	AP000356.5,GGT1	0.0			133471	52	Liver-related	GGT	1.2287	γ-glutamyl transpeptidase
16	56989590	C	T	rs247616	CETP	0.0			74970	50	Metabolic	HDLC	1.2103	HDL-cholesterol
19	45414399	C	A	rs72654473	APOE	0.0			72866	31	Metabolic	LDLC	1.1001	LDL-cholesterol
6	135419037	AC	A	rs34778774	HBS1L	0.0			128028	129	Blood cell	MCH	1.3564	Mean corpuscular hemoglobin
6	135419631	A	G	rs9389268	HBS1L	0.0			129832	149	Blood cell	MCV	1.4258	Mean corpuscular volume
2	234597667	C	G	rs10171367	UGT1A10,UGT1A7,UGT1A8,UGT1A9	0.0			124341	19	Liver-related	TBil	1.1121	Total Bilirubin
11	116650638	C	T	rs113932726	ZPR1	0.0			111667	33	Metabolic	TG	1.2103	Triglycerides
11	65856529	A	G	rs573515207	PACS1	0.0			129405	43	Kidney-related	UA	1.2851	Uric acids
6	135419631	A	G	rs9389268	HBS1L	2.2e-308			153512	100	Blood cell	RBC	1.3464	Red blood cell count
10	101157438	G	C	rs76850691	GOT1	3e-240			150068	36	Liver-related	AST	1.2045	Aspartate transaminase
19	45412079	C	T	rs7412	APOE	1.1e-204			135808	46	Metabolic	TC	1.1666	Total cholesterol
11	2858546	C	T	rs2237897	KCNQ1	2.9e-184	45383	132032	177415	109	ICD10 L	T2D	1.3368	Type 2 diabetes
6	135419018	T	C	rs9399137	HBS1L	3.6e-182			148623	145	Blood cell	Plt	1.5382	Platelet count
3	128320345	T	G	rs7646596	RPN1	3.2e-168			91908	41	Blood cell	Baso	1.1425	Basophil count
12	56699429	G	A	rs7133285	AC073896.1	2.9e-157			165056	476	Anthropometric	Height	2.8652	Height
6	32594155	A	T	rs532322163	HLA-DQA1	2e-152	5348	173268	178616	9	ICD10 M	RA	1.1205	Rheumatoid arthritis
16	241789	A	G	rs1377382551	LUC7L	3.8e-131			135482	53	Blood cell	MCHC	1.1666	Mean corpuscular hemoglobin concentration
11	2858546	C	T	rs2237897	KCNQ1	2e-127	30515	148211	178726	71	ATC A	ATC_A10	1.2352	Drugs used in diabetes 
17	16842991	G	A	rs34562254	TNFRSF13B	3.6e-124			133321	41	Protein	TP	1.2352	Total protein
2	21242731	G	A	rs13306206	APOB	3e-118	33295	145431	178726	33	ATC C	ATC_C10AA	1.1769	HMG CoA reductase inhibitors 
8	128103969	C	T	rs72725879	POU5F1B	9.5e-116	5672	84660	90332	29	ICD10 C	PrC	1.0469	Prostate cancer
7	92408370	C	T	rs445	CDK6	1.2e-103			154355	80	Blood cell	WBC	1.3889	White blood cell count
12	112241766	G	A	rs671	ALDH2	9.5e-102	14992	146214	161206	43	ICD10 I	MI	1.1567	Myocardial infarction
3	128320345	T	G	rs7646596	RPN1	7.9e-94			93063	45	Blood cell	Eosino	1.2045	Eosinophil count
2	182334753	G	T	rs13029501	ITGA4	6.6e-88			95119	53	Blood cell	Mono	1.2045	Monocyte count
16	53802494	C	T	rs11642015	FTO	1.7e-85			163835	98	Anthropometric	BMI	1.5382	Body mass index
1	159681364	G	C	rs3093068	CRP	9.1e-83			83025	5	Inflammatory	CRP	1.0704	C-reactive protein
6	135411228	T	C	rs9376090	HBS1L	1.9e-75			153015	52	Blood cell	Ht	1.2225	Hematocrit
17	38156712	C	T	rs4794822	PSMD3	1.3e-73			82810	30	Blood cell	Neutro	1.1822	Neutrophil count
6	32608249	G	C	rs117441922	HLA-DQA1	8.5e-73	3483	175243	178726	6	ATC L	ATC_L04	1.0775	Immunosuppressants 
22	44324730	C	T	rs738408	PNPLA3	3e-71			150545	34	Liver-related	ALT	1.1616	Alanine aminotransferase
6	33040185	G	GACAAGGAACC	rs5875435	HLA-DPA1	1.7e-67	2809	172656	175465	18	ICD10 E	GD	1.1162	Grave's disease
16	53809123	C	T	rs55872725	FTO	1.3e-63			165419	170	Anthropometric	BW	1.7316	Body weight
12	112241766	G	A	rs671	ALDH2	1.6e-63			145502	36	Blood pressure	MAP	1.2045	Mean arterial pressure
1	101744646	C	G	rs77046277	S1PR1	1.6e-60			95717	34	Blood cell	Lym	1.1717	Lymphocyte count
16	20388929	A	G	rs35208507	PDILT	4.8e-58			150266	91	Kidney-related	sCr	1.3889	Serum creatinine
12	112241766	G	A	rs671	ALDH2	1.2e-56			145505	38	Blood pressure	SBP	1.2163	Sytolic blood pressure
19	50016759	C	T	rs142385484	FCGRT	1.4e-56			120539	27	Protein	Alb	1.1472	Albumin
22	37462936	A	G	rs855791	TMPRSS6	1e-54			152447	48	Blood cell	Hb	1.2163	Hemoglobin
12	112241766	G	A	rs671	ALDH2	9.4e-54			145515	24	Blood pressure	DBP	1.1616	Diastolic blood pressure
6	54973761	C	A	rs4715517	HCRTR2	3.4e-51			148767	46	Kidney-related	BUN	1.1987	Blood urea nitrogen
4	100239319	T	C	rs1229984	ADH1B	2.5e-46	1388	159201	160589	4	ICD10 C	EsC	1.0082	Esophageal cancer
8	143760118	CACCACCACCCAGCCACTGGCAGCAGAGCTTGGGCCTGCTCTAGAGGGTCCTAGCCACTGCT	C	rs372173246	JRK,PSCA	8.4e-46	7921	159201	167122	6	ICD10 C	GaC	1.0437	Gastric cancer
11	241124	C	G	rs12225799	PSMD13	3.2e-45	14475	65733	80208	20	ICD10 D	UF	1.0501	Uterine fibroid
6	33056762	C	T	rs9277562	HLA-DPB1	5.1e-45	2234	169588	171822	4	ICD10 B	CHB	1.0501	Chronic hepatitis B
6	32432500	G	A	rs78218185	HLA-DRA	4.1e-43	13015	162933	175948	22	ICD10 J	Asthma	1.1162	Asthma
2	45192080	G	C	rs12712928	SIX3	2.1e-42			133336	20	Metabolic	Glucose	1.0962	Glucose
11	2858546	C	T	rs2237897	KCNQ1	2.8e-40			71221	28	Metabolic	HbA1c	1.1162	HbA1c
3	122003769	A	G	rs1042636	CASR	3.7e-39			83980	15	Electrolytes	Ca	1.0775	Calcium
9	22096055	A	G	rs10757274	AL359922.1	5.4e-38	18833	146214	165047	35	ICD10 I	SAP	1.1335	Stable angina pectoris
9	22096055	A	G	rs10757274	AL359922.1	1.7e-33	17050	161676	178726	20	ATC C	ATC_C01D	1.0775	Vasodilators used in cardiac diseases 
9	22096055	A	G	rs10757274	AL359922.1	1.1e-31	41461	137265	178726	25	ATC N	ATC_N02BA	1.1519	Salicylic acid and derivatives 
9	22096055	A	G	rs10757274	AL359922.1	2.2e-31	14007	145158	159165	22	ICD10 I	Angina	1.0923	Angina pectoris
6	32433318	C	T	rs2395190	HLA-DRA	1.1e-29	4617	152226	156843	5	ICD10 J	Chronic_Sinusitis	1.0775	Chronic sinusitis
16	52599188	C	T	rs4784227	TOX3	1.1e-28	6325	73225	79550	8	ICD10 C	BrC	1.0254	Breast cancer
12	112241766	G	A	rs671	ALDH2	5.7e-28	49327	129399	178726	23	ATC C	ATC_C08	1.1567	Calcium channel blockers 
3	149205582	G	A	rs62272021	TM4SF4	1.7e-27	9305	168253	177558	16	ICD10 K	Cholelithiasis	1.0344	Cholelithiasis
17	78358945	G	A	rs112735431	RNF213	2.4e-27			145445	21	Blood pressure	PP	1.1335	Pulse pressure
9	22096055	A	G	rs10757274	AL359922.1	4.5e-27	54220	124506	178726	26	ATC B	ATC_B01A	1.1247	Antithrombotic agents 
18	46453156	A	T	rs11874392	SMAD7	5.5e-25	8305	159386	167691	16	ICD10 C	CRC	1.0469	Colorectal cancer
5	1287194	G	A	rs2853677	TERT	7.9e-25	4444	174282	178726	9	ICD10 C	LuC	1.0406	Lung cancer
1	222267442	GT	G		DUSP10	1.4e-24	1055	177671	178726	4	ICD10 L	Keloid	1.0	Keloid
12	112241766	G	A	rs671	ALDH2	3.7e-24	5891	146214	152105	15	ICD10 I	UAP	1.0601	Unstable angina pectoris
8	143764613	G	T	rs2976397	PSCA	6.1e-24	12650	161227	173877	4	ICD10 K	Gastric_Ulcer	1.0313	Gastric ulcer
6	32625384	G	T	rs140780894	HLA-DQB1	2.9e-23	7800	170871	178671	1	ICD10 A	PTB	1.0469	Pulmonary tuberculosis
19	39739153	CT	C		IFNL3	1.2e-22	7110	169588	176698	4	ICD10 B	CHC	1.0567	Chronic hepatitis C
6	31319603	C	T	rs28380929	HLA-B	5.4e-22	7423	171303	178726	2	ICD10 J	Pneumonia	1.0344	Pneumonia
13	42701941	G	T	rs1170158	DGKH	3.8e-21	11699	167027	178726	20	ICD10 N	Urolithiasis	1.1001	Urolithiasis
19	41442597	G	A	rs73038469	AC008537.1	1.1e-20	4017	162653	166670	6	ICD10 J	COPD	1.0313	Chronic obstructive pulmonary disease
6	31561515	C	T	rs9357135	NCR3	1.1e-19	3103	175623	178726	6	ATC H	ATC_H03A	1.0669	Thyroid preparations 
12	112241766	G	A	rs671	ALDH2	2e-18	22664	152022	174686	6	ICD10 I	IS	1.0601	Ischemic stroke
9	22032152	T	G	rs634537	AL359922.1	7.7e-18	8448	168903	177351	8	ICD10 H	Glaucoma	1.0534	Glaucoma
12	112241766	G	A	rs671	ALDH2	1e-16	2551	176175	178726	9	ICD10 K	Cirrhosis	1.0375	Cirrhosis
6	32534581	T	A	rs147732109	HLA-DRB1	2.1e-16	314	178375	178689	1	ICD10 K	UC	1.0375	Ulcerative colitis
6	32590240	A	G	rs74995702	HLA-DQA1	7.5e-16	6143	172583	178726	1	ATC M	ATC_M05B	1.0501	Drugs affecting bone structure and mineralization 
6	33048538	T	C	rs9277348	HLA-DPA1,HLA-DPB1	7.6e-16	994	172656	173650	5	ICD10 E	Hyperthyroidism	1.0567	Hyperthyroidism
3	53558012	G	A	rs3821843	CACNA1D	2.2e-14	45820	132906	178726	12	ATC C	ATC_C09	1.1519	Agents acting on the renin-angiotensin system 
6	31239506	C	G	rs1050414	HLA-C	6.3e-14	206	172289	172495	1	ICD10 L	PsV	1.0195	Psoriasis vulgaris
6	32667364	C	T	rs17427599	HLA-DQB1	1.4e-13	29694	149032	178726	1	ATC M	ATC_M01A	1.0669	Anti-inflammatory and antirheumatic products, non-steroids 
6	32444068	A	C	rs116353692	HLA-DRA	1.7e-13	5880	172846	178726	2	ATC R	ATC_R03A	1.0601	Adrenergics, inhalants 
6	31452409	CATTT	C	rs144801046	MICB	2.4e-13	20367	158359	178726	9	ATC C	ATC_C07	1.108	Beta blocking agents 
6	30247699	GGT	G	rs368679067	TRIM39	3e-13	537	172656	173193	4	ICD10 E	Hashimoto_Disease	1.0283	Hashimoto's disease
6	31324599	T	G	rs1050538	HLA-B	3.1e-13	18593	153666	172259	4	ICD10 J	Pollinosis	1.0775	Pollinosis
6	31409566	C	G	rs2844512	MICA	1.5e-12	967	60614	61581	2	ICD10 C	CeC	1.0375	Cervical cancer
6	32453270	GT	G	rs138024423	HLA-DRB5	2.4e-12	198	395	593	1	ICD10 J	PAP	0.9298	Pulmonary alveolar proteinosis
19	39732501	T	C	rs8105790	IFNL3	2.7e-12	2122	159201	161323	6	ICD10 C	HepC	1.0283	Hepatic cancer
11	224845	G	C	rs73392700	SIRT3	4.3e-12	3132	152022	155154	4	ICD10 I	CeAn	1.0254	Cerebral aneurysm
1	247719769	G	A	rs56043070	GCSAML	6.9e-12	9893	162190	172083	2	ICD10 L	Urticaria	1.0254	Urticaria
20	39736722	T	C	rs4142394	TOP1	1.2e-11	38194	140532	178726	2	ICD10 H	Cataract	1.0406	Cataract
4	111716513	C	T	rs12644625	PITX2	4.4e-11	1673	155540	157213	1	ICD10 I	Ventricular_Arrhythmia	1.0082	Ventricular arrhythmia
19	5844792	A	C	rs28362459	FUT3	5.1e-11	843	167459	168302	1	ICD10 K	GB_polyp	1.0	Gall bladder polyp
3	53280098	A	G	rs7617474	TKT	4.1e-10	5688	173038	178726	2	ATC C	ATC_C02	1.0437	Antihypertensives 
5	1280128	T	C	rs7734992	TERT	4.1e-10	1046	176974	178020	4	ICD10 J	ILD	1.0	Interstitial lung disease
6	32449523	T	C	rs9269202	HLA-DRB5	5e-10	1314	177412	178726	1	ICD10 N	Nephrotic_Syndrome	1.0166	Nephrotic syndrome
6	32272156	A	T	rs56036302	TSBP1	6.1e-10	303	175599	175902	1	ICD10 M	Sjogren_Syndrome	1.0195	Sjogren's syndrome
6	32186872	A	G	rs2256594	NOTCH4	1e-09	13102	165624	178726	2	ATC R	ATC_R03BA	1.0501	Glucocorticoids 
16	53803574	T	A	rs1558902	FTO	2.2e-09	22356	156370	178726	1	ATC C	ATC_C03	1.0669	Diuretics 
1	22436446	G	C	rs7412010	WNT4	2.3e-09	1786	80975	82761	2	ICD10 N	Endometriosis	1.0027	Endometriosis
12	112736118	A	G	rs77768175	HECTD4	2.8e-09	457	177471	177928	3	ICD10 K	Chronic_Pancreatitis	1.0	Chronic pancreatitis
6	32484520	C	A	rs138748427	HLA-DRB5	2.9e-09	1219	132032	133251	3	ICD10 E	T1D	1.0166	Type 1 diabetes
6	32630897	T	C	rs191548708	HLA-DQB1	3.5e-09	220	177667	177887	1	ICD10 D	Sarcoidosis	1.0027	Sarcoidosis
11	13237017	C	CA	rs141864388	ARNTL	4.3e-09	4112	173601	177713	3	ICD10 I	PAD	1.0313	Peripheral arterial disease
6	31406307	G	C	rs190497944	MICA	4.7e-09	110	175543	175653	2	ICD10 H	Iritis	1.0	Iritis
10	130798715	C	G	rs561774588	MGMT	5.3e-09	692	178034	178726	1	ICD10 B	Ringworm	1.0082	Ringworm
9	97847848	C	T	rs137908951	AOPEP	5.7e-09	10540	168186	178726	3	ICD10 I	CHF	1.0344	Chronic heart failure
11	68196605	C	T	rs577482058	LRP5	6.3e-09	58	175599	175657	1	ICD10 M	PM	0.97444	Polymyositis
6	32272156	A	T	rs56036302	TSBP1	6.8e-09	85	166529	166614	1	ICD10 K	AIH	1.0	Autoimmune hepatitis
7	35364518	C	T	rs190894416	TBX20	6.9e-09	411	178071	178482	1	ICD10 A	Dysentery	1.0	Dysentery
14	28909958	C	G		FOXG1	7.2e-09	1465	170000	171465	3	ICD10 J	Bronchitis	1.0138	Bronchitis
1	239315018	C	T	rs12084421	CHRM3	9.1e-09	126	176974	177100	1	ICD10 J	Pulmonary_Fibrosis	1.0	Pulmonary Fibrosis
3	171809304	TGTA	T	rs74744875	FNDC3B	9.2e-09	5911	172815	178726	3	ATC S	ATC_S01E	1.0344	Antiglaucoma preparations and miotics 
6	64733937	C	T	rs766981289	EYS	9.3e-09	155	168903	169058	5	ICD10 H	Retinitis_Pigmentosa	1.0082	Retinitis pigmentosa
12	51726744	C	T	rs543634974	CELA1	1.1e-08	1732	176994	178726	1	ICD10 M	Back_pain	1.0138	Back pain
15	92922097	T	C	rs77271627	ST8SIA2	1.2e-08	53	174057	174110	1	ICD10 D	Aplastic_Anemia	0.95116	Aplastic anemia
20	17405202	G	A	rs564680092	PCSK2	1.3e-08	91	152022	152113	1	ICD10 I	CeAn_Unruptured	1.0	Unruptured cerebral aneurysm
13	100444738	G	A	rs138042987	CLYBL	1.5e-08	10163	168563	178726	1	ATC R	ATC_R06A	1.0224	Antihistamines for systemic use 
2	180435221	G	A	rs563885038	ZNF385B	1.5e-08	308	178418	178726	1	ICD10 N	Neuropathic_Bladder	1.011	Neuropathic bladder
2	12038628	T	C	rs118096157	LPIN1	2e-08	4618	174057	178675	1	ICD10 D	Iron_Deficiency_Anemia	1.011	Iron deficiency anemia
14	36378203	C	T	rs529699157	BRMS1L	2.1e-08	1290	177436	178726	1	ICD10 H	Meniere	1.011	Meniere's disease
4	130513871	T	C	rs547475396	C4orf33	2.2e-08	389	177864	178253	1	ICD10 F	Insomnia	0.97444	Insomnia
16	11536769	C	T	rs116544709	AC099489.1	2.2e-08	118	178608	178726	1	ICD10 F	Substance_Dependence	0.97444	Substance dependence
4	114556431	A	G	rs80195545	CAMK2D	2.3e-08	271	161803	162074	1	ICD10 J	Chronic_bronchitis	1.0	Chronic bronchitis
1	220487765	A	G	rs548089948	RAB3GAP2	2.3e-08	93	171753	171846	1	ICD10 E	TEN_SJS	1.0	Toxic epidermal necrolysis/Stevens-Johnson syndrome
14	45205943	C	T	rs17703846	C14orf28	2.4e-08	1811	175288	177099	1	ICD10 N	Pyelonephritis	1.0	Pyelonephritis
19	56813353	C	G	rs543259829	EDDM13,ZSCAN5A	3e-08	499	159201	159700	1	ICD10 C	PaC	1.0	Pancreatic cancer
1	58210169	C	A	rs116161367	DAB1	3.2e-08	1456	152022	153478	1	ICD10 I	Intracerebral_Hemorrhage	1.011	Intracerebral hemorrhage
10	58693542	C	T	rs34747361	ZWINT	3.4e-08	387	178339	178726	1	ATC N	ATC_N02C	1.0	Antimigraine preparations 
15	80913584	G	A	rs78142448	ARNT2	3.6e-08	53363	125363	178726	1	ATC A	ATC_A02B	1.0469	Drugs for peptic ulcer and gastro-esophageal reflux disease
3	185598605	G	A	rs1300345795	TRA2B	3.6e-08	192	178534	178726	2	ICD10 G	Carpal_Tunnel_Syndrome	1.0027	Carpal tunnel syndrome
9	130346518	T	C	rs12551781	STXBP1	3.8e-08	827	177471	178298	1	ICD10 K	Acute_Pancreatitis	1.0082	Acute pancreatitis
8	118936206	C	G	rs998956939	EXT1	3.9e-08	2466	175788	178254	1	ICD10 G	Epilepsy	1.011	Epilepsy
6	32629889	G	A	rs1049087	HLA-DQB1	4.2e-08	1114	172656	173770	2	ICD10 E	Hypothyroidism	1.0254	Hypothyroidism
7	69914690	A	G	rs915103621	AUTS2	4.5e-08	335	177342	177677	1	ICD10 C	Malignant_Lymphoma	1.0054	Malignant lymphoma
11	70659705	A	C	rs553341619	SHANK2	4.5e-08	154	178572	178726	1	ICD10 C	SkC	1.011	Skin cancer
16	84352279	C	G	rs1597688039	WFDC1	4.7e-08	241	161803	162044	1	ICD10 J	Bronchiectasis	1.0	Bronchiectasis
9	22088090	A	T	rs10738606	AL359922.1	4.7e-08	1203	152022	153225	1	ICD10 I	Subarachnoid_Hemorrhage	1.0027	Subarachnoid hemorrhage
9	24761757	C	G	rs117171752	IZUMO3	4.8e-08	2209	166603	168812	1	ICD10 B	Zoster	1.0027	Zoster infection
1	60878654	T	C	rs545781155	C1orf87	5e-08	772	166603	167375	1	ICD10 B	Herpes	1.0	Herpes infection
9	112676206	T	G	rs1046712851	PALM2AKAP2	5.5e-08	417	177745	178162	0	ICD10 I	Dilated_Cardiomyopathy	1.0027	Dilated cardiomyopathy
4	1573364	T	C	rs4073272	FAM53A	5.5e-08	692	176298	176990	0	ICD10 J	Pneumothorax	1.0	Pneumothorax
14	48899779	G	T	rs202070253	MDGA2	5.7e-08	9560	169166	178726	0	ICD10 K	Periodontal_Disease	1.0224	Periodontal disease
6	53833258	C	T	rs189198361	MLIP	6.4e-08	473	177864	178337	0	ICD10 G	SAS	1.0	Sleep apnea syndrome
2	112665383	TA	T	rs1381640858	MERTK	6.7e-08	2440	176286	178726	0	ICD10 S	Head_Injury	1.0054	Head injury
4	157009806	G	C	rs147854383	CTSO	6.8e-08	383	177745	178128	0	ICD10 I	Hypertrophic_Cardiomyopathy	1.0	Hypertrophic cardiomyopathy
20	54604182	G	A	rs1016471222	CBLN4	7.3e-08	152	170247	170399	0	ICD10 I	Rheumatic_fever	1.0	Rheumatic fever
3	161973811	T	A	rs747943251	OTOL1	7.6e-08	3566	175160	178726	0	ATC N	ATC_N02A	1.0054	Opioids 
9	86585914	G	A	rs148820425	HNRNPK	7.6e-08	605	82156	82761	0	ICD10 O	Ect_preg	1.0027	Ectopic pregnancy
6	133787110	T	G	rs212767	EYA4	8.2e-08	3288	175438	178726	0	ATC N	ATC_N06A	1.0138	Antidepressants 
7	38499950	A	T	rs559093510	AMPH	8.3e-08	257	178071	178328	0	ICD10 A	Typhoid	1.0	Typhoid fever
9	22096055	A	G	rs10757274	AL359922.1	8.7e-08	1155	173601	174756	0	ICD10 I	AA	1.0138	Aortic aneurysm
4	184250312	C	T	rs7694290	CLDN24	8.7e-08	85	176974	177059	0	ICD10 J	Pneumoconiosis	1.0	Pneumoconiosis
2	56106951	C	T	rs905539440	EFEMP1	8.8e-08	443	174345	174788	0	ICD10 N	Acute_Glomerulonephritis	1.0	Acute glomerulonephritis
9	83529150	C	T	rs145881638	TLE1	9e-08	418	159201	159619	0	ICD10 C	BtC	1.0	Cancer of hepatic bile ducts
2	216777029	T	G	rs10191497	MREG	9.3e-08	2856	175870	178726	0	ICD10 S	Compression_Fracture	1.0027	Compression_ fracture
9	31929770	G	A	rs148963335	ACO1	9.4e-08	264	177516	177780	0	ICD10 I	Esophageal_varix	1.0	Esophageal varix
2	213442062	C	T	rs1575119314	ERBB4	9.4e-08	948	177516	178464	0	ICD10 K	GERD	1.0054	Gastroesophageal reflux disease
X	133182589	G	A	rs1260331512	GPC3	9.5e-08	541	170247	170788	0	ICD10 A	Diphtheria	1.0027	Diphtheria infection
7	56084270	G	GT		PSPH	9.6e-08	510	178216	178726	0	ICD10 Q	Polycystic_Kidney_Disease	1.0027	Polycystic kidney disease
11	32452925	C	G	rs10742277	WT1	9.8e-08	423	82338	82761	0	ICD10 N	Uterine_prolapse	1.0054	Uterine prolapse
9	27123503	C	A	rs143166299	TEK	1.1e-07	1860	168253	170113	0	ICD10 K	Cholecystitis	1.0027	Cholecystitis
3	16768288	C	T	rs77115419	DAZL	1.1e-07	3400	175326	178726	0	ICD10 H	Hearing_Loss	1.0027	Hearing loss, difficulty in hearing
15	31551525	T	C	rs138257651	KLF13	1.1e-07	110	173268	173378	0	ICD10 M	JRA	1.0	Juvenile rheumatoid arthritis
6	32559216	A	G	rs9270505	HLA-DRB1	1.1e-07	547	161803	162350	0	ICD10 J	Ped_asthma	1.0	Pediatric asthma
17	40481068	A	G	rs554405176	STAT3	1.2e-07	210	174345	174555	0	ICD10 N	Chronic_Glomerulonephritis	1.0027	Chronic glomerulonephritis
4	137985060	T	G	rs188251215	PCDH18	1.2e-07	123	81962	82085	0	ICD10 O	PreEclampsia	0.97444	Pre-eclampsia
7	51235264	G	GA		COBL	1.3e-07	168	178558	178726	0	ICD10 D	Idiopathic_Thrombocytopenic_Purpura	1.0027	Idiopathic thrombocytopenic purpura
1	186890466	G	T	rs561187088	PLA2G4A	1.3e-07	278	161777	162055	0	ICD10 L	Metal_allergy	1.0	Metal allergy
8	18148694	CA	C	rs201378337	NAT1	1.4e-07	4421	174305	178726	0	ATC N	ATC_N02BE	1.011	Anilides 
2	50613327	A	T	rs2351517	NRXN1	1.4e-07	2117	174345	176462	0	ICD10 N	Chronic_Renal_Failure	1.0082	Chronic renal failure
19	7224431	G	A	rs7248104	INSR	1.4e-07	1127	172656	173783	0	ICD10 E	Goiter	1.0054	Goiter
13	42642656	G	C	rs145024958	DGKH	1.6e-07	78	171966	172044	0	ICD10 M	Behcet_disease	1.0	Behçet's disease
X	31717892	G	A	rs778619900	DMD	1.6e-07	247	161777	162024	0	ICD10 L	Contact_dermatitis	1.0166	Contact dermatitis
14	82958085	A	T	rs188436029	SEL1L	1.6e-07	541	176974	177515	0	ICD10 J	Pleurisy	1.0	Pleurisy
1	225983439	G	GCGGCCTT	rs1575958478	SRP9	1.6e-07	1389	168903	170292	0	ICD10 H	Retinal_Detachment	1.0027	Retinal detachment
3	163967485	C	T	rs566999418	SI	1.7e-07	3900	174719	178619	0	ICD10 H	Allergic_Conjunctivitis	1.011	Allergic conjunctivitis
7	126841678	T	A	rs552322164	GRM8	1.7e-07	743	177983	178726	0	ICD10 I	Cardiomegaly	1.0027	Cardiomegaly
8	136963264	A	G	rs187962115	KHDRBS3	1.7e-07	1665	175288	176953	0	ICD10 N	Cystitis	1.0	Cystitis
10	13789946	G	A	rs75226622	FRMD4A	1.8e-07	451	82310	82761	0	ICD10 O	C_sec	1.0027	Cesarian section
12	124885108	G	A	rs774588269	NCOR2	1.9e-07	71	175288	175359	0	ICD10 N	IgA_nephritis	1.0	IgA nephritis
2	204625370	T	C	rs59789950	CD28	2e-07	7897	153666	161563	0	ICD10 J	Allergic_Rhinitis	1.0313	Allergic rhinitis
13	66241560	T	C	rs146525071	PCDH9	2e-07	343	178191	178534	0	ICD10 G	FacialN_palsy	1.0	Facial nerve palsy (Bell's palsy)
4	27413237	C	G	rs117276693	STIM2	2e-07	89	177745	177834	0	ICD10 I	Pericarditis	0.97444	Pericarditis
1	19718495	C	T	rs550470929	CAPZB	2.1e-07	1200	60614	61814	0	ICD10 C	EnC	1.0027	Endometrial cancer
3	191873291	C	T	rs977607500	FGF12	2.1e-07	843	60614	61457	0	ICD10 C	OvC	1.0	Ovarian cancer
7	75504932	T	C	rs538289329	RHBDD2	2.2e-07	1995	176731	178726	0	ICD10 I	Cardiac_Valvular_Disease	1.011	Cardiac valvular disease
1	238038405	A	G	rs550178474	ZP4	2.2e-07	836	177794	178630	0	ICD10 F	Depression	1.0	Depression
2	46551555	C	G	rs1572620480	EPAS1	2.2e-07	3777	165939	169716	0	ICD10 Z	Food_Allergy	1.0166	Food allergy
10	64578003	G	A	rs187858130	EGR2	2.2e-07	1771	176232	178003	0	ICD10 K	Ileus	1.0027	Ileus
6	31176274	A	C	rs186044138	POU5F1	2.2e-07	125	174600	174725	0	ICD10 H	Uveitis	1.0	Uveitis
12	19168484	A	G	rs533181669	PLEKHA5	2.4e-07	465	174345	174810	0	ICD10 N	Acute_Renal_Failure	1.0054	Acute renal failure
1	228470015	T	TG		OBSCN	2.8e-07	224	178502	178726	0	ICD10 L	Tatto	1.0	Tatto
13	61261810	A	G	rs7985591	TDRD3	2.9e-07	405	178321	178726	0	ICD10 C	Brain_tumor	1.0027	Brain tumor
6	112370041	A	G	rs140330285	CCN6	3e-07	317	175937	176254	0	ICD10 M	SLE	1.0195	Systemic lupus erythematoss
2	157745539	G	T	rs73013720	GPD2	3.1e-07	574	175272	175846	0	ICD10 R	Febrile_Seizure	1.0082	Febrile seizure
11	36907643	G	T	rs78212581	IFTAP	3.1e-07	64	172320	172384	0	ICD10 A	Nontuberculous_Mycobacterial_Infection	1.0	Nontuberculous Mycobacterial infection
21	33754175	T	C	rs58442230	URB1	3.1e-07	2896	79865	82761	0	ICD10 N	Ovarian_Cyst	1.011	Ovarian cyst
20	41414516	A	G	rs208253	PTPRT	3.5e-07	474	178252	178726	0	ICD10 I	Varicose	1.0	Varicose
5	32962877	G	T	rs965183903	NPR3	3.7e-07	160	151846	152006	0	ICD10 J	Nasal_polyp	1.0	Nasal polyp
20	56351120	C	G	rs73616241	PMEPA1	3.7e-07	300	178426	178726	0	ICD10 C	Pharyngeal_Laryngeal_Cancer	1.0	Pharyngeal and laryngeal cancer
2	232585325	A	G	rs11904625	PTMA	3.8e-07	361	178362	178723	0	ICD10 C	ThC	1.011	Thyroid cancer
7	108214829	T	C	rs753053113	DNAJB9	4.6e-07	102	177745	177847	0	ICD10 I	Myocarditis	1.0	Myocarditis
4	89451767	T	G	rs77085539	PYURF	5.4e-07	312	175979	176291	0	ICD10 S	Achilles_tendon_rupture	1.0027	Achilles tendon rupture
3	118529503	T	C	rs952268966	IGSF11	5.5e-07	744	177982	178726	0	ICD10 K	Chronic_gastritis	1.0054	Chronic gastritis
3	110492379	C	T	rs376587905	NECTIN3	5.8e-07	220	132764	132984	0	ICD10 E	DM_Nephropathy	1.0	Diabetic nephropathy
9	111462272	G	A	rs890123888	ACTL7B	6.5e-07	397	176232	176629	0	ICD10 K	Constipation	0.97444	Constipation
3	30278054	C	A	rs1433992	RBMS3	6.6e-07	340	175788	176128	0	ICD10 G	Parkinsons_Disease	1.0	Parkinson's disease
13	45328408	G	C	rs916744243	TSC22D1	6.8e-07	2206	176520	178726	0	ICD10 H	CSOM	1.0082	Chronic suppurative otitis media
3	146368704	A	ATG		PLSCR5	6.9e-07	136	82625	82761	0	ICD10 O	Abortion	0.97444	Abortion
3	152423414	G	A	rs117575901	P2RY1	8e-07	81	178630	178711	0	ICD10 G	MG	1.0	Myasthenia gravis
4	21223228	T	A	rs150864698	KCNIP4	8.1e-07	661	178065	178726	0	ICD10 M	Spinal_canal_stenosis	1.0027	Spinal canal stenosis
17	78635706	C	T	rs560271510	RPTOR	8.2e-07	575	82186	82761	0	ICD10 N	Mastopathy	1.0	Mastopathy
1	114621769	G	A		SYT6	8.2e-07	99	177794	177893	0	ICD10 F	Schizophrenia	1.0	Schizophrenia
3	81351599	C	T	rs150865430	GBE1	1.2e-06	420	151846	152266	0	ICD10 J	Tonsillitis	0.97444	Tonsillitis
1	230682048	C	T	rs548583694	COG2	1.7e-06	261	166603	166864	0	ICD10 B	HAV_hepatitis	1.0	Acute hepatitis by Hepatitis A virus
